id;login;password_hash;email;activated
1;poisoning;before;")@VD].P2yI";false
2;aside;how with;"q@)1,Xxl.46";true
3;although boohoo unless;outdo;"2'd@b.eo]";false
4;disguise failing emotional;pfft goodness;"WgYG@,d?RI.GanDl+";true
5;feisty;scrawny;"qn@Z.lx";true
6;supposing download disable;and however;"MIH@/0S4.W";true
7;underweight mockingly supposing;frost;"I@CSP5.%_";true
8;physical;times biff sheep;"Tbh~2@c[.11hPmh";true
9;recklessly afore puzzled;whereas optimistically than;"$qEw1D@<[CDs.b0w";true
10;hmph;oof wool;"[p@{:.i*X+Oe";false
