id;first_name;last_name;photo;contact_details
1;Lily;Olson-Lubowitz;sinful compassionate;discompose yearly ah
2;Braeden;Legros;whoa adrenalin catalyze;phony yearn
3;Luigi;Beer;mmm oh;calcification qua till
4;Tre;Koelpin;interesting;double cavil wasteful
5;Jackeline;Murazik;gee;jam-packed since
6;Moshe;Reichel;underbid;wren yesterday lively
7;Grant;Carter-Dach;huzzah;hm
8;Josiane;Johns;toward unless;lest cultured
9;Lonnie;Schultz;minor hmph aha;chalk cherish
10;Beaulah;Feeney;mmm motionless;idealistic rotating
