id;start_location;end_location;start_time;end_time;recurring
1;visualise urgently spat;yieldingly um;2024-06-30T09:42:26;2024-07-01T02:04:35;false
2;lest;ha;2024-06-30T14:28:25;2024-06-30T18:00:04;true
3;club molasses loftily;ship despite dunk;2024-06-30T15:21:54;2024-07-01T00:37:01;true
4;within meh beneath;unique;2024-06-30T17:02:53;2024-07-01T02:57:49;true
5;circular suspiciously which;other;2024-06-30T07:47:47;2024-06-30T20:35:48;false
6;celeriac;including actually type;2024-06-30T15:38:55;2024-06-30T17:24:47;false
7;since barbecue unwitting;abaft smoggy motionless;2024-06-30T07:39:55;2024-06-30T09:12:53;true
8;tape unexpectedly;unless dozen too;2024-06-30T12:53:37;2024-06-30T09:34:53;false
9;since;ha even patiently;2024-07-01T00:20:32;2024-06-30T05:33:43;false
10;fixed;badly scared;2024-06-30T10:50:51;2024-06-30T11:02:29;false
